29.9682,0,-1.382,12,-1.584672,0.174533,0.12518,11.19,0.174533,0.12518
29.9615,-0.4762,-1.4419,12.0017,-1.592746,0.174533,0.12516,11.4,0.174533,0.12516
29.9472,-0.9524,-1.5019,12.0069,-1.608897,0.174533,0.125094,11.81,0.174533,0.125094
29.9252,-1.4286,-1.5618,12.0154,-1.625056,0.174533,0.124992,12.18,0.174533,0.124992
29.8955,-1.9048,-1.6217,12.0272,-1.641228,0.174533,0.124855,12.55,0.174533,0.124855
29.8581,-2.381,-1.6816,12.0424,-1.657418,0.174533,0.124684,12.91,0.174533,0.124684
29.8128,-2.8571,-1.7415,12.0607,-1.67363,0.174533,0.124479,13.27,0.174533,0.124479
29.7598,-3.3333,-1.8014,12.0823,-1.689867,0.174533,0.124241,13.61,0.174533,0.124241
29.6989,-3.8095,-1.8613,12.107,-1.706134,0.174533,0.123971,13.95,0.174533,0.123971
29.6301,-4.2857,-1.9212,12.1348,-1.722436,0.174533,0.12367,14.29,0.174533,0.12367
29.5533,-4.7618,-1.981,12.1656,-1.738776,0.174533,0.123339,14.62,0.174533,0.123339
29.4686,-5.2379,-2.0409,12.1995,-1.755158,0.174533,0.122979,14.94,0.174533,0.122979
29.3758,-5.714,-2.1008,12.2363,-1.771587,0.174533,0.12259,15.25,0.174533,0.12259
29.2748,-6.19,-2.1606,12.276,-1.788065,0.174533,0.122174,15.56,0.174533,0.122174
29.1657,-6.6659,-2.2205,12.3186,-1.804599,0.174533,0.121732,15.86,0.174533,0.121732
29.0482,-7.1416,-2.2803,12.364,-1.82119,0.174533,0.121265,16.16,0.174533,0.121265
28.9224,-7.6171,-2.3401,12.4122,-1.837842,0.174533,0.120773,16.45,0.174533,0.120773
28.7881,-8.0924,-2.3999,12.4631,-1.854561,0.174533,0.120258,16.73,0.174533,0.120258
28.6452,-8.5674,-2.4597,12.5167,-1.871348,0.174533,0.119722,17.01,0.174533,0.119722
28.4938,-9.042,-2.5195,12.5729,-1.888208,0.174533,0.119164,17.28,0.174533,0.119164
28.3335,-9.5162,-2.5793,12.6317,-1.905145,0.174533,0.118586,17.54,0.174533,0.118586
28.1645,-9.9899,-2.6391,12.6931,-1.922161,0.174533,0.11799,17.8,0.174533,0.11799
27.9865,-10.463,-2.6988,12.7569,-1.939261,0.174533,0.117376,18.06,0.174533,0.117376
27.7994,-10.9354,-2.7586,12.8232,-1.956448,0.174533,0.116745,18.31,0.174533,0.116745
27.6032,-11.407,-2.8183,12.8919,-1.973725,0.174533,0.116098,18.55,0.174533,0.116098
27.3977,-11.8778,-2.8781,12.963,-1.991095,0.174533,0.115437,18.79,0.174533,0.115437
27.1829,-12.3475,-2.9378,13.0363,-2.008562,0.1745,0.114762,19.03,0.1745,0.114762
26.9585,-12.8161,-2.9975,13.112,-2.026129,0.1744,0.114075,19.26,0.1744,0.114075
26.7246,-13.2834,-3.0572,13.1898,-2.043798,0.174236,0.113376,19.48,0.174236,0.113376
26.4809,-13.7494,-3.1169,13.2698,-2.061575,0.174008,0.112666,19.7,0.174008,0.112666
26.2274,-14.2138,-3.1765,13.352,-2.07946,0.173718,0.111946,19.91,0.173718,0.111946
25.964,-14.6765,-3.2362,13.4362,-2.097457,0.173365,0.111218,20.12,0.173365,0.111218
25.6905,-15.1373,-3.2958,13.5225,-2.11557,0.172952,0.110481,20.33,0.172952,0.110481
25.4068,-15.596,-3.3555,13.6108,-2.133801,0.17248,0.109738,20.53,0.17248,0.109738
25.1128,-16.0525,-3.4151,13.7009,-2.152152,0.171949,0.108988,20.73,0.171949,0.108988
24.8085,-16.5066,-3.4747,13.793,-2.170627,0.171361,0.108232,20.92,0.171361,0.108232
24.4936,-16.958,-3.5343,13.887,-2.189229,0.170716,0.107472,21.1,0.170716,0.107472
24.1681,-17.4065,-3.5938,13.9827,-2.207959,0.170016,0.106708,21.29,0.170016,0.106708
23.8319,-17.852,-3.6534,14.0802,-2.226821,0.169262,0.105941,21.47,0.169262,0.105941
23.4849,-18.2941,-3.7129,14.1794,-2.245817,0.168455,0.105171,21.64,0.168455,0.105171
23.127,-18.7326,-3.7725,14.2803,-2.26495,0.167596,0.104399,21.81,0.167596,0.104399
22.758,-19.1673,-3.832,14.3828,-2.284222,0.166686,0.103626,21.98,0.166686,0.103626
22.378,-19.598,-3.8915,14.4868,-2.303635,0.165727,0.102852,22.14,0.165727,0.102852
21.9869,-20.0242,-3.951,14.5924,-2.323192,0.164718,0.102079,22.3,0.164718,0.102079
21.5844,-20.4457,-4.0104,14.6995,-2.342894,0.163662,0.101305,22.46,0.163662,0.101305
21.1707,-20.8623,-4.0699,14.808,-2.362745,0.162559,0.100533,22.61,0.162559,0.100533
20.7456,-21.2737,-4.1293,14.9179,-2.382747,0.16141,0.099763,22.75,0.16141,0.099763
20.3091,-21.6794,-4.1888,15.0291,-2.4029,0.160217,0.098995,22.9,0.160217,0.098995
19.861,-22.0792,-4.2482,15.1416,-2.423208,0.15898,0.098229,23.04,0.15898,0.098229
19.4015,-22.4728,-4.3075,15.2554,-2.443672,0.157702,0.097466,23.18,0.157702,0.097466
18.9305,-22.8597,-4.3669,15.3704,-2.464295,0.156382,0.096706,23.31,0.156382,0.096706
18.4478,-23.2397,-4.4263,15.4865,-2.485077,0.155021,0.095951,23.44,0.155021,0.095951
17.9536,-23.6124,-4.4856,15.6037,-2.506022,0.153622,0.095199,23.56,0.153622,0.095199
17.4479,-23.9774,-4.5449,15.722,-2.52713,0.152184,0.094452,23.69,0.152184,0.094452
16.9306,-24.3343,-4.6042,15.8413,-2.548403,0.15071,0.09371,23.8,0.15071,0.09371
16.4018,-24.6827,-4.6635,15.9616,-2.569843,0.149199,0.092973,23.92,0.149199,0.092973
15.8614,-25.0222,-4.7228,16.0828,-2.591452,0.147654,0.092241,24.03,0.147654,0.092241
15.3097,-25.3524,-4.782,16.2049,-2.61323,0.146075,0.091515,24.14,0.146075,0.091515
14.7466,-25.673,-4.8412,16.3278,-2.635179,0.144463,0.090794,24.24,0.144463,0.090794
14.1722,-25.9833,-4.9004,16.4516,-2.657302,0.142819,0.09008,24.34,0.142819,0.09008
13.5866,-26.2832,-4.9596,16.576,-2.679598,0.141145,0.089372,24.44,0.141145,0.089372
12.99,-26.572,-5.0188,16.7011,-2.702069,0.139442,0.088671,24.54,0.139442,0.088671
12.3824,-26.8494,-5.0779,16.8269,-2.724717,0.13771,0.087977,24.63,0.13771,0.087977
11.764,-27.1149,-5.137,16.9533,-2.747542,0.135951,0.087289,24.71,0.135951,0.087289
11.1349,-27.3681,-5.1962,17.0803,-2.770546,0.134165,0.086608,24.8,0.134165,0.086608
10.4954,-27.6085,-5.2552,17.2077,-2.793729,0.132355,0.085935,24.88,0.132355,0.085935
9.8456,-27.8356,-5.3143,17.3356,-2.817093,0.13052,0.085269,24.95,0.13052,0.085269
9.1858,-28.049,-5.3733,17.4639,-2.840638,0.128662,0.08461,25.02,0.128662,0.08461
8.5162,-28.2483,-5.4324,17.5926,-2.864365,0.126782,0.083959,25.09,0.126782,0.083959
7.837,-28.4328,-5.4914,17.7217,-2.888275,0.124881,0.083316,25.16,0.124881,0.083316
7.1486,-28.6023,-5.5503,17.851,-2.912369,0.122961,0.08268,25.22,0.122961,0.08268
6.4512,-28.7562,-5.6093,17.9805,-2.936647,0.121021,0.082052,25.28,0.121021,0.082052
5.7451,-28.894,-5.6682,18.1102,-2.96111,0.119064,0.081432,25.33,0.119064,0.081432
5.0308,-29.0154,-5.7271,18.2401,-2.985758,0.11709,0.08082,25.38,0.11709,0.08082
4.3084,-29.1197,-5.786,18.37,-3.010592,0.115101,0.080216,25.43,0.115101,0.080216
3.5786,-29.2067,-5.8449,18.5,-3.035612,0.113097,0.07962,25.47,0.113097,0.07962
2.8416,-29.2758,-5.9037,18.63,-3.060819,0.11108,0.079031,25.51,0.11108,0.079031
2.0978,-29.3266,-5.9625,18.7599,-3.086212,0.109051,0.078451,25.55,0.109051,0.078451
1.3478,-29.3586,-6.0213,18.8898,-3.111793,0.10701,0.077879,25.58,0.10701,0.077879
0.5921,-29.3715,-6.0801,19.0195,-3.13756,0.104959,0.077315,25.61,0.104959,0.077315
-0.169,-29.3647,-6.1388,19.149,3.119671,0.102899,0.076759,25.63,0.102899,0.076759
-0.9348,-29.338,-6.1975,19.2783,3.093529,0.100831,0.076212,25.65,0.100831,0.076212
-1.7048,-29.2908,-6.2562,19.4074,3.0672,0.098756,0.075672,25.67,0.098756,0.075672
-2.4785,-29.2229,-6.3149,19.5361,3.040684,0.096675,0.075141,25.68,0.096675,0.075141
-3.2552,-29.1339,-6.3735,19.6644,3.013981,0.094589,0.074617,25.69,0.094589,0.074617
-4.0343,-29.0233,-6.4322,19.7923,2.987091,0.0925,0.074102,25.69,0.0925,0.074102
-4.8152,-28.8909,-6.4908,19.9197,2.960015,0.090407,0.073594,25.69,0.090407,0.073594
-5.5972,-28.7363,-6.5493,20.0467,2.932753,0.088314,0.073095,25.68,0.088314,0.073095
-6.3797,-28.5593,-6.6079,20.1731,2.905306,0.086219,0.072604,25.68,0.086219,0.072604
-7.1619,-28.3596,-6.6664,20.2989,2.877673,0.084125,0.07212,25.66,0.084125,0.07212
-7.9431,-28.1369,-6.7249,20.424,2.849856,0.082033,0.071645,25.64,0.082033,0.071645
-8.7226,-27.8909,-6.7833,20.5484,2.821855,0.079944,0.071178,25.62,0.079944,0.071178
-9.4995,-27.6215,-6.8417,20.6722,2.79367,0.077858,0.070718,25.6,0.077858,0.070718
-10.2731,-27.3286,-6.9002,20.7951,2.765303,0.075777,0.070266,25.57,0.075777,0.070266
-11.0427,-27.0118,-6.9585,20.9172,2.736755,0.073702,0.069823,25.53,0.073702,0.069823
-11.8073,-26.6712,-7.0169,21.0384,2.708025,0.071634,0.069386,25.49,0.071634,0.069386
-12.5661,-26.3065,-7.0752,21.1587,2.679115,0.069574,0.068958,25.45,0.069574,0.068958
-13.3183,-25.9179,-7.1335,21.278,2.650026,0.067523,0.068538,25.4,0.067523,0.068538
-14.063,-25.5051,-7.1918,21.3963,2.620759,0.065482,0.068125,25.34,0.065482,0.068125
-14.7994,-25.0682,-7.25,21.5135,2.591316,0.063453,0.067719,25.28,0.063453,0.067719
-15.5265,-24.6073,-7.3082,21.6296,2.561696,0.061436,0.067322,25.22,0.061436,0.067322
-16.2434,-24.1224,-7.3664,21.7446,2.531903,0.059432,0.066931,25.15,0.059432,0.066931
-16.9492,-23.6136,-7.4245,21.8584,2.501936,0.057443,0.066549,25.08,0.057443,0.066549
-17.643,-23.081,-7.4826,21.9709,2.471797,0.055469,0.066174,25,0.055469,0.066174
-18.3239,-22.5249,-7.5407,22.0821,2.441487,0.053512,0.065806,24.92,0.053512,0.065806
-18.9909,-21.9455,-7.5988,22.192,2.411009,0.051572,0.065445,24.83,0.051572,0.065445
-19.6431,-21.343,-7.6568,22.3005,2.380364,0.049652,0.065092,24.74,0.049652,0.065092
-20.2795,-20.7177,-7.7148,22.4076,2.349553,0.047751,0.064747,24.64,0.047751,0.064747
-20.8993,-20.0699,-7.7728,22.5132,2.318577,0.045871,0.064408,24.53,0.045871,0.064408
-21.5015,-19.4001,-7.8307,22.6172,2.28744,0.044013,0.064077,24.43,0.044013,0.064077
-22.0852,-18.7087,-7.8886,22.7197,2.256142,0.042178,0.063753,24.31,0.042178,0.063753
-22.6494,-17.9961,-7.9465,22.8206,2.224685,0.040368,0.063436,24.19,0.040368,0.063436
-23.1932,-17.2628,-8.0043,22.9198,2.193072,0.038582,0.063127,24.07,0.038582,0.063127
-23.7158,-16.5094,-8.0622,23.0173,2.161304,0.036823,0.062824,23.94,0.036823,0.062824
-24.2163,-15.7365,-8.1199,23.113,2.129384,0.035091,0.062529,23.8,0.035091,0.062529
-24.6937,-14.9448,-8.1777,23.207,2.097313,0.033387,0.06224,23.66,0.033387,0.06224
-25.1473,-14.1348,-8.2354,23.2991,2.065094,0.031713,0.061959,23.51,0.031713,0.061959
-25.5761,-13.3074,-8.2931,23.3892,2.032728,0.03007,0.061684,23.36,0.03007,0.061684
-25.9794,-12.4633,-8.3507,23.4775,2.00022,0.028458,0.061416,23.2,0.028458,0.061416
-26.3565,-11.6033,-8.4083,23.5638,1.96757,0.026879,0.061156,23.03,0.026879,0.061156
-26.7064,-10.7283,-8.4659,23.648,1.934781,0.025334,0.060902,22.86,0.025334,0.060902
-27.0286,-9.839,-8.5234,23.7302,1.901856,0.023823,0.060655,22.68,0.023823,0.060655
-27.3222,-8.9366,-8.581,23.8102,1.868797,0.022349,0.060415,22.5,0.022349,0.060415
-27.5867,-8.0219,-8.6384,23.888,1.835608,0.020911,0.060182,22.31,0.020911,0.060182
-27.8214,-7.0959,-8.6959,23.9637,1.80229,0.019512,0.059956,22.12,0.019512,0.059956
-28.0257,-6.1597,-8.7533,24.037,1.768847,0.018151,0.059736,21.91,0.018151,0.059736
-28.199,-5.2143,-8.8106,24.1081,1.735281,0.016831,0.059524,21.71,0.016831,0.059524
-28.3409,-4.2608,-8.868,24.1768,1.701596,0.015552,0.059318,21.49,0.015552,0.059318
-28.4508,-3.3004,-8.9253,24.2431,1.667794,0.014316,0.059119,21.27,0.014316,0.059119
-28.5283,-2.3343,-8.9826,24.3069,1.633879,0.013123,0.058926,21.04,0.013123,0.058926
-28.5731,-1.3635,-9.0398,24.3683,1.599853,0.011974,0.058741,20.81,0.011974,0.058741
-28.5848,-0.3894,-9.097,24.4271,1.56572,0.010871,0.058562,20.57,0.010871,0.058562
-28.5632,0.5868,-9.1541,24.4833,1.531484,0.009815,0.05839,20.32,0.009815,0.05839
-28.508,1.564,-9.2112,24.5369,1.497147,0.008806,0.058225,20.07,0.008806,0.058225
-28.4191,2.5407,-9.2683,24.5878,1.462712,0.007847,0.058067,19.81,0.007847,0.058067
-28.2962,3.5158,-9.3254,24.636,1.428184,0.006937,0.057916,19.54,0.006937,0.057916
-28.1395,4.4879,-9.3824,24.6814,1.393566,0.006078,0.057771,19.27,0.006078,0.057771
-27.9488,5.4557,-9.4394,24.724,1.358862,0.005271,0.057633,18.99,0.005271,0.057633
-27.7242,6.4179,-9.4963,24.7637,1.324075,0.004517,0.057503,18.7,0.004517,0.057503
-27.4659,7.3732,-9.5532,24.8005,1.289209,0.003817,0.057379,18.41,0.003817,0.057379
-27.1739,8.3202,-9.61,24.8344,1.254267,0.003172,0.057262,18.11,0.003172,0.057262
-26.8486,9.2577,-9.6669,24.8652,1.219255,0.002584,0.057152,17.8,0.002584,0.057152
-26.4902,10.1843,-9.7236,24.893,1.184175,0.002053,0.057049,17.48,0.002053,0.057049
-26.0991,11.0987,-9.7804,24.9177,1.149032,0.001581,0.056953,17.16,0.001581,0.056953
-25.6757,11.9996,-9.8371,24.9393,1.11383,0.001168,0.056865,16.83,0.001168,0.056865
-25.2204,12.8858,-9.8938,24.9576,1.078574,0.000815,0.056783,16.49,0.000815,0.056783
-24.7339,13.756,-9.9504,24.9728,1.043266,0.000525,0.056709,16.15,0.000525,0.056709
-24.2166,14.6089,-10.007,24.9846,1.007913,0.000297,0.056642,15.8,0.000297,0.056642
-23.6692,15.4432,-10.0635,24.9931,0.972517,0.000133,0.056583,15.44,0.000133,0.056583
-23.0925,16.258,-10.12,24.9983,0.937084,3.3e-05,0.056531,15.09,3.3e-05,0.056531
-22.4872,17.0518,-10.1765,25,0.901618,0,0.056485,14.84,0,0.056485
-21.8541,17.8238,-10.2329,25,0.866123,0,0.056443,14.73,0,0.056443
-21.194,18.5727,-10.2893,25,0.830601,0,0.056402,14.72,0,0.056402
-20.5076,19.2978,-10.3456,25,0.795053,0,0.056361,14.73,0,0.056361
-19.796,19.998,-10.4019,25,0.75948,0,0.056319,14.74,0,0.056319
-19.0599,20.6724,-10.4582,25,0.72388,0,0.056278,14.75,0,0.056278
-18.3002,21.3202,-10.5144,25,0.688254,0,0.056236,14.76,0,0.056236
-17.5179,21.9405,-10.5706,25,0.652601,0,0.056193,14.77,0,0.056193
-16.714,22.5325,-10.6267,25,0.616922,0,0.056151,14.78,0,0.056151
-15.8895,23.0955,-10.6828,25,0.581216,0,0.056108,14.79,0,0.056108
-15.0454,23.6287,-10.7388,25,0.545482,0,0.056065,14.8,0,0.056065
-14.1828,24.1313,-10.7948,25,0.509722,0,0.056022,14.81,0,0.056022
-13.3028,24.6028,-10.8508,25,0.473934,0,0.055979,14.82,0,0.055979
-12.4064,25.0425,-10.9067,25,0.438119,0,0.055935,14.83,0,0.055935
-11.4949,25.4498,-10.9626,25,0.402275,0,0.055892,14.84,0,0.055892
-10.5693,25.8241,-11.0184,25,0.366404,0,0.055848,14.85,0,0.055848
-9.6309,26.165,-11.0742,25,0.330505,0,0.055803,14.86,0,0.055803
-8.6809,26.472,-11.1299,25,0.294577,0,0.055759,14.87,0,0.055759
-7.7205,26.7446,-11.1856,25,0.258621,0,0.055714,14.88,0,0.055714
-6.7508,26.9826,-11.2413,25,0.222636,0,0.055669,14.89,0,0.055669
-5.7733,27.1855,-11.2969,25,0.186622,0,0.055624,14.9,0,0.055624
-4.789,27.353,-11.3524,25,0.150579,0,0.055579,14.91,0,0.055579
-3.7994,27.485,-11.408,25,0.114506,0,0.055533,14.92,0,0.055533
-2.8056,27.5811,-11.4634,25,0.078405,0,0.055487,14.93,0,0.055487
-1.809,27.6413,-11.5188,25,0.042273,0,0.055441,14.94,0,0.055441
-0.8109,27.6655,-11.5742,25,0.006112,0,0.055395,14.95,0,0.055395
0.1874,27.6535,-11.6296,25,-0.03008,0,0.055349,14.96,0,0.055349
1.1847,27.6055,-11.6848,25,-0.066301,0,0.055302,14.97,0,0.055302
2.1796,27.5213,-11.7401,25,-0.102554,0,0.055255,14.98,0,0.055255
3.1707,27.4011,-11.7953,25,-0.138836,0,0.055208,14.99,0,0.055208
4.1569,27.245,-11.8504,25,-0.17515,0,0.055161,15,0,0.055161
5.1367,27.0532,-11.9055,25,-0.211495,0,0.055113,15.01,0,0.055113
6.1089,26.8259,-11.9606,25,-0.247835,0,0.054984,15.02,0,0.054984
7.0722,26.5634,-12.0154,25,-0.284196,0,0.05483,15.03,0,0.05483
8.0254,26.266,-12.0701,25,-0.320608,0,0.054721,15.03,0,0.054721
8.9671,25.9342,-12.1248,25,-0.357041,0,0.054588,15.04,0,0.054588
9.896,25.5682,-12.1792,25,-0.393494,0,0.054432,15.05,0,0.054432
10.8111,25.1687,-12.2336,25,-0.429969,0,0.054253,15.05,0,0.054253
11.7109,24.736,-12.2877,25,-0.466466,0,0.054051,15.06,0,0.054051
12.5944,24.2707,-12.3416,25,-0.502984,0,0.053828,15.06,0,0.053828
13.4603,23.7735,-12.3952,25,-0.539525,0,0.053584,15.06,0,0.053584
14.3074,23.2449,-12.4487,25,-0.576087,0,0.053319,15.07,0,0.053319
15.1347,22.6858,-12.5018,25,-0.612672,0,0.053033,15.07,0,0.053033
15.941,22.0967,-12.5547,25,-0.649279,0,0.052729,15.07,0,0.052729
16.7252,21.4785,-12.6072,25,-0.685908,0,0.052404,15.06,0,0.052404
17.4862,20.832,-12.6594,25,-0.722561,0,0.052062,15.06,0,0.052062
18.2231,20.158,-12.7113,25,-0.759236,0,0.051701,15.06,0,0.051701
18.9347,19.4574,-12.7627,25,-0.795934,0,0.051322,15.06,0,0.051322
19.6201,18.7311,-12.8138,25,-0.832655,0,0.050926,15.05,0,0.050926
20.2785,17.9802,-12.8645,25,-0.869399,0,0.050514,15.05,0,0.050514
20.9088,17.2056,-12.9148,25,-0.906166,0,0.050085,15.04,0,0.050085
21.5102,16.4082,-12.9646,25,-0.942956,0,0.049641,15.03,0,0.049641
22.0819,15.5893,-13.014,25,-0.97977,0,0.049182,15.03,0,0.049182
22.623,14.7499,-13.0629,25,-1.016607,0,0.048708,15.02,0,0.048708
23.1329,13.8911,-13.1114,25,-1.053467,0,0.048219,15.01,0,0.048219
23.6108,13.014,-13.1593,25,-1.090351,0,0.047717,15,0,0.047717
24.056,12.1199,-13.2067,25,-1.127259,0,0.047202,14.99,0,0.047202
24.4679,11.21,-13.2537,25,-1.164189,0,0.046674,14.98,0,0.046674
24.8459,10.2854,-13.3,25,-1.201144,0,0.046134,14.97,0,0.046134
25.1895,9.3475,-13.3459,25,-1.238121,0,0.045582,14.96,0,0.045582
25.4982,8.3974,-13.3911,25,-1.275123,0,0.045018,14.94,0,0.045018
25.7716,7.4366,-13.4359,25,-1.312147,0,0.044444,14.93,0,0.044444
26.0092,6.4663,-13.48,25,-1.349195,0,0.043859,14.92,0,0.043859
26.2106,5.4878,-13.5235,25,-1.386267,0,0.043264,14.9,0,0.043264
26.3757,4.5026,-13.5665,25,-1.423362,0,0.04266,14.89,0,0.04266
26.5041,3.5118,-13.6088,25,-1.46048,0,0.042046,14.87,0,0.042046
26.5956,2.5169,-13.6505,25,-1.497621,0,0.041424,14.86,0,0.041424
26.6502,1.5193,-13.6916,25,-1.534785,0,0.040794,14.84,0,0.040794
26.6676,0.5204,-13.7321,25,-1.571973,0,0.040156,14.83,0,0.040156
26.6478,-0.4786,-13.7719,25,-1.609183,0,0.039511,14.81,0,0.039511
26.5909,-1.4762,-13.811,25,-1.646416,0,0.038859,14.79,0,0.038859
26.4969,-2.4709,-13.8496,25,-1.683672,0,0.038201,14.77,0,0.038201
26.3658,-3.4615,-13.8874,25,-1.720951,0,0.037536,14.76,0,0.037536
26.198,-4.4466,-13.9246,25,-1.758252,0,0.036866,14.74,0,0.036866
25.9935,-5.4247,-13.9611,25,-1.795576,0,0.036191,14.72,0,0.036191
25.7526,-6.3945,-13.9969,25,-1.832921,0,0.035512,14.7,0,0.035512
25.4756,-7.3547,-14.0321,25,-1.870289,0,0.034828,14.68,0,0.034828
25.163,-8.3039,-14.0666,25,-1.907679,0,0.03414,14.66,0,0.03414
24.8151,-9.2407,-14.1003,25,-1.94509,0,0.033448,14.64,0,0.033448
24.4324,-10.1639,-14.1334,25,-1.982523,0,0.032754,14.62,0,0.032754
24.0153,-11.0722,-14.1658,25,-2.019978,0,0.032057,14.6,0,0.032057
23.5646,-11.9642,-14.1975,25,-2.057454,0,0.031358,14.57,0,0.031358
23.0807,-12.8387,-14.2285,25,-2.09495,0,0.030657,14.55,0,0.030657
22.5643,-13.6945,-14.2588,25,-2.132468,0,0.029955,14.53,0,0.029955
22.0162,-14.5303,-14.2884,25,-2.170006,0,0.029252,14.51,0,0.029252
21.4371,-15.3449,-14.3173,25,-2.207565,0,0.028548,14.49,0,0.028548
20.8277,-16.1373,-14.3455,25,-2.245144,0,0.027844,14.46,0,0.027844
20.1891,-16.9062,-14.373,25,-2.282744,0,0.02714,14.44,0,0.02714
19.5219,-17.6506,-14.3997,25,-2.320363,0,0.026437,14.42,0,0.026437
18.8272,-18.3693,-14.4258,25,-2.358002,0,0.025735,14.4,0,0.025735
18.106,-19.0614,-14.4512,25,-2.39566,0,0.025034,14.37,0,0.025034
17.3591,-19.7259,-14.4759,25,-2.433337,0,0.024335,14.35,0,0.024335
16.5878,-20.3617,-14.4998,25,-2.471033,0,0.023638,14.33,0,0.023638
15.793,-20.9681,-14.5231,25,-2.508748,0,0.022944,14.3,0,0.022944
14.9759,-21.544,-14.5457,25,-2.546482,0,0.022253,14.28,0,0.022253
14.1376,-22.0887,-14.5676,25,-2.584234,0,0.021565,14.26,0,0.021565
13.2794,-22.6014,-14.5888,25,-2.622004,0,0.020881,14.23,0,0.020881
12.4024,-23.0813,-14.6094,25,-2.659791,0,0.020201,14.21,0,0.020201
11.5078,-23.5278,-14.6292,25,-2.697597,0,0.019526,14.19,0,0.019526
10.5971,-23.9401,-14.6484,25,-2.735419,0,0.018855,14.16,0,0.018855
9.6713,-24.3176,-14.6669,25,-2.773259,0,0.01819,14.14,0,0.01819
8.732,-24.6599,-14.6848,25,-2.811116,0,0.01753,14.12,0,0.01753
7.7803,-24.9664,-14.702,25,-2.848989,0,0.016877,14.09,0,0.016877
6.8177,-25.2366,-14.7185,25,-2.886878,0,0.01623,14.07,0,0.01623
5.8455,-25.4701,-14.7344,25,-2.924784,0,0.015589,14.05,0,0.015589
4.8652,-25.6666,-14.7497,25,-2.962706,0,0.014956,14.02,0,0.014956
3.8782,-25.8258,-14.7643,25,-3.000643,0,0.014331,14,0,0.014331
2.8857,-25.9475,-14.7783,25,-3.038596,0,0.013713,13.98,0,0.013713
1.8894,-26.0314,-14.7918,25,-3.076565,0,0.013104,13.95,0,0.013104
0.8906,-26.0774,-14.8045,25,-3.114548,0,0.012504,13.93,0,0.012504
-0.1092,-26.0855,-14.8168,25,3.130639,0,0.011912,13.91,0,0.011912
-1.1086,-26.0555,-14.8284,25,3.092627,0,0.011331,13.89,0,0.011331
-2.1062,-25.9876,-14.8394,25,3.054599,0,0.010759,13.87,0,0.010759
-3.1005,-25.8818,-14.8499,25,3.016558,0,0.010197,13.85,0,0.010197
-4.09,-25.7383,-14.8598,25,2.978502,0,0.009646,13.82,0,0.009646
-5.0734,-25.5572,-14.8692,25,2.940433,0,0.009106,13.8,0,0.009106
-6.0491,-25.3388,-14.878,25,2.90235,0,0.008578,13.78,0,0.008578
-7.0159,-25.0834,-14.8863,25,2.864253,0,0.008061,13.76,0,0.008061
-7.9722,-24.7913,-14.8941,25,2.826143,0,0.007557,13.74,0,0.007557
-8.9167,-24.463,-14.9014,25,2.78802,0,0.007065,13.72,0,0.007065
-9.8479,-24.099,-14.9082,25,2.749884,0,0.006586,13.71,0,0.006586
-10.7647,-23.6997,-14.9146,25,2.711735,0,0.006121,13.69,0,0.006121
-11.6655,-23.2657,-14.9205,25,2.673573,0,0.005669,13.67,0,0.005669
-12.5491,-22.7977,-14.9259,25,2.635398,0,0.005232,13.65,0,0.005232
-13.4143,-22.2963,-14.9309,25,2.597211,0,0.004809,13.64,0,0.004809
-14.2596,-21.7622,-14.9355,25,2.559012,0,0.004401,13.62,0,0.004401
-15.0839,-21.1962,-14.9397,25,2.5208,0,0.004009,13.6,0,0.004009
-15.886,-20.5991,-14.9436,25,2.482575,0,0.003632,13.59,0,0.003632
-16.6647,-19.9718,-14.947,25,2.444339,0,0.003271,13.57,0,0.003271
-17.4189,-19.3152,-14.9501,25,2.40609,0,0.002927,13.56,0,0.002927
-18.1473,-18.6302,-14.9529,25,2.367829,0,0.0026,13.55,0,0.0026
-18.8491,-17.9179,-14.9553,25,2.329556,0,0.002291,13.53,0,0.002291
-19.523,-17.1792,-14.9574,25,2.291271,0,0.001999,13.52,0,0.001999
-20.1682,-16.4153,-14.9593,25,2.252974,0,0.001725,13.51,0,0.001725
-20.7837,-15.6272,-14.9609,25,2.214665,0,0.00147,13.5,0,0.00147
-21.3685,-14.8161,-14.9622,25,2.176343,0,0.001234,13.49,0,0.001234
-21.9218,-13.9832,-14.9634,25,2.13801,0,0.001017,13.48,0,0.001017
-22.4428,-13.1297,-14.9643,25,2.099664,0,0.000821,13.47,0,0.000821
-22.9307,-12.2569,-14.965,25,2.061305,0,0.000644,13.46,0,0.000644
-23.3847,-11.366,-14.9656,25,2.022935,0,0.000488,13.46,0,0.000488
-23.8043,-10.4583,-14.966,25,1.984552,0,0.000353,13.45,0,0.000353
-24.1887,-9.5352,-14.9663,25,1.946156,0,0.00024,13.45,0,0.00024
-24.5373,-8.598,-14.9665,25,1.907747,0,0.000148,13.44,0,0.000148
-24.8497,-7.6481,-14.9666,25,1.869326,0,7.9e-05,13.44,0,7.9e-05
-25.1254,-6.6869,-14.9666,25,1.830891,0,3.2e-05,13.44,0,3.2e-05
-25.3639,-5.7159,-14.9666,25,1.792444,0,7e-06,13.44,0,7e-06
-25.565,-4.7363,-14.9666,25,1.753986,0,0,13.44,0,0
-25.7282,-3.7498,-14.9666,25,1.715525,0,0,13.44,0,0
-25.8533,-2.7577,-14.9666,25,1.677063,0,0,13.44,0,0
-25.9403,-1.7616,-14.9666,25,1.638602,0,0,13.44,0,0
-25.9888,-0.7628,-14.9666,25,1.60014,0,0,13.44,0,0
-25.9989,0.2371,-14.9666,25,1.561679,0,0,13.44,0,0
-25.9706,1.2366,-14.9666,25,1.523217,0,0,13.44,0,0
-25.9038,2.2343,-14.9666,25,1.484756,0,0,13.44,0,0
-25.7987,3.2287,-14.9666,25,1.446294,0,0,13.44,0,0
-25.6555,4.2183,-14.9666,25,1.407833,0,0,13.44,0,0
-25.4743,5.2017,-14.9666,25,1.369371,0,0,13.44,0,0
-25.2555,6.1774,-14.9666,25,1.33091,0,0,13.44,0,0
-24.9993,7.144,-14.9666,25,1.292448,0,0,13.44,0,0
-24.7061,8.1,-14.9666,25,1.253986,0,0,13.44,0,0
-24.3764,9.044,-14.9666,25,1.215525,0,0,13.44,0,0
-24.0106,9.9746,-14.9666,25,1.177063,0,0,13.44,0,0
-23.6093,10.8905,-14.9666,25,1.138602,0,0,13.44,0,0
-23.173,11.7902,-14.9666,25,1.10014,0,0,13.44,0,0
-22.7025,12.6726,-14.9666,25,1.061679,0,0,13.44,0,0
-22.1985,13.5362,-14.9666,25,1.023217,0,0,13.44,0,0
-21.6616,14.3797,-14.9666,25,0.984756,0,0,13.44,0,0
-21.0926,15.202,-14.9666,25,0.946294,0,0,13.44,0,0
-20.4925,16.0018,-14.9666,25,0.907833,0,0,13.44,0,0
-19.862,16.778,-14.9666,25,0.869371,0,0,13.44,0,0
-19.2022,17.5293,-14.9666,25,0.83091,0,0,13.44,0,0
-18.5139,18.2547,-14.9666,25,0.792448,0,0,13.44,0,0
-17.7983,18.9531,-14.9666,25,0.753986,0,0,13.44,0,0
-17.0564,19.6235,-14.9666,25,0.715525,0,0,13.44,0,0
-16.2892,20.2648,-14.9666,25,0.677063,0,0,13.44,0,0
-15.4979,20.8762,-14.9666,25,0.638602,0,0,13.44,0,0
-14.6837,21.4567,-14.9666,25,0.60014,0,0,13.44,0,0
-13.8478,22.0054,-14.9666,25,0.561679,0,0,13.44,0,0
-12.9914,22.5216,-14.9666,25,0.523217,0,0,13.44,0,0
-12.1158,23.0045,-14.9666,25,0.484756,0,0,13.44,0,0
-11.2223,23.4534,-14.9666,25,0.446294,0,0,13.44,0,0
-10.3121,23.8675,-14.9666,25,0.407833,0,0,13.44,0,0
-9.3868,24.2464,-14.9666,25,0.369371,0,0,13.44,0,0
-8.4475,24.5894,-14.9666,25,0.33091,0,0,13.44,0,0
-7.4957,24.8961,-14.9666,25,0.292448,0,0,13.44,0,0
-6.5329,25.1659,-14.9666,25,0.253986,0,0,13.44,0,0
-5.5604,25.3985,-14.9666,25,0.215525,0,0,13.44,0,0
-4.5796,25.5935,-14.9666,25,0.177063,0,0,13.44,0,0
-3.5921,25.7507,-14.9666,25,0.138602,0,0,13.44,0,0
-2.5993,25.8697,-14.9666,25,0.10014,0,0,13.44,0,0
-1.6026,25.9506,-14.9666,25,0.061679,0,0,13.44,0,0
-0.6036,25.993,-14.9666,25,0.023217,0,0,13.44,0,0
0.3963,25.997,-14.9666,25,-0.015244,0,0,13.44,0,0
1.3957,25.9625,-14.9666,25,-0.053706,0,0,13.44,0,0
2.393,25.8896,-14.9666,25,-0.092167,0,0,13.44,0,0
3.3867,25.7785,-14.9666,25,-0.130629,0,0,13.44,0,0
4.3754,25.6292,-14.9666,25,-0.16909,0,0,13.44,0,0
5.3577,25.442,-14.9666,25,-0.207552,0,0,13.44,0,0
6.332,25.2172,-14.9666,25,-0.246014,0,0,13.44,0,0
7.297,24.955,-14.9666,25,-0.284475,0,0,13.44,0,0
8.2512,24.656,-14.9666,25,-0.322937,0,0,13.44,0,0
9.1931,24.3205,-14.9666,25,-0.361398,0,0,13.44,0,0
10.1215,23.949,-14.9666,25,-0.39986,0,0,13.44,0,0
11.0349,23.5421,-14.9666,25,-0.438321,0,0,13.44,0,0
11.932,23.1004,-14.9666,25,-0.476783,0,0,13.44,0,0
12.8114,22.6245,-14.9666,25,-0.515244,0,0,13.44,0,0
13.6719,22.1151,-14.9666,25,-0.553706,0,0,13.44,0,0
14.5122,21.5731,-14.9666,25,-0.592167,0,0,13.44,0,0
15.331,20.9991,-14.9666,25,-0.630629,0,0,13.44,0,0
16.1271,20.394,-14.9666,25,-0.66909,0,0,13.44,0,0
16.8994,19.7588,-14.9666,25,-0.707552,0,0,13.44,0,0
17.6466,19.0944,-14.9666,25,-0.746014,0,0,13.44,0,0
18.3678,18.4017,-14.9666,25,-0.784475,0,0,13.44,0,0
19.0618,17.6819,-14.9666,25,-0.822937,0,0,13.44,0,0
19.7276,16.9358,-14.9666,25,-0.861398,0,0,13.44,0,0
20.3642,16.1647,-14.9666,25,-0.89986,0,0,13.44,0,0
20.9707,15.3697,-14.9666,25,-0.938321,0,0,13.44,0,0
21.5462,14.552,-14.9666,25,-0.976783,0,0,13.44,0,0
22.0898,13.7127,-14.9666,25,-1.015244,0,0,13.44,0,0
22.6008,12.8532,-14.9666,25,-1.053706,0,0,13.44,0,0
23.0783,11.9746,-14.9666,25,-1.092167,0,0,13.44,0,0
23.5217,11.0784,-14.9666,25,-1.130629,0,0,13.44,0,0
23.9303,10.1657,-14.9666,25,-1.16909,0,0,13.44,0,0
24.3035,9.238,-14.9666,25,-1.207552,0,0,13.44,0,0
24.6407,8.2967,-14.9666,25,-1.246014,0,0,13.44,0,0
24.9415,7.3431,-14.9666,25,-1.284475,0,0,13.44,0,0
25.2054,6.3786,-14.9666,25,-1.322937,0,0,13.44,0,0
25.4321,5.4047,-14.9666,25,-1.361398,0,0,13.44,0,0
25.6211,4.4227,-14.9666,25,-1.39986,0,0,13.44,0,0
25.7722,3.4343,-14.9666,25,-1.438321,0,0,13.44,0,0
25.8852,2.4408,-14.9666,25,-1.476783,0,0,13.44,0,0
25.9599,1.4436,-14.9666,25,-1.515244,0,0,13.44,0,0
25.9962,0.4443,-14.9666,25,-1.553706,0,0,13.44,0,0
25.9941,-0.5556,-14.9666,25,-1.592167,0,0,13.44,0,0
25.9535,-1.5547,-14.9666,25,-1.630629,0,0,13.44,0,0
25.8745,-2.5515,-14.9666,25,-1.66909,0,0,13.44,0,0
25.7573,-3.5446,-14.9666,25,-1.707552,0,0,13.44,0,0
25.6019,-4.5324,-14.9666,25,-1.746014,0,0,13.44,0,0
25.4087,-5.5135,-14.9666,25,-1.784475,0,0,13.44,0,0
25.1779,-6.4864,-14.9666,25,-1.822937,0,0,13.44,0,0
24.9099,-7.4498,-14.9666,25,-1.861398,0,0,13.44,0,0
24.605,-8.4021,-14.9666,25,-1.89986,0,0,13.44,0,0
24.2637,-9.342,-14.9666,25,-1.938321,0,0,13.44,0,0
23.8865,-10.2681,-14.9666,25,-1.976783,0,0,13.44,0,0
23.4741,-11.1789,-14.9666,25,-2.015244,0,0,13.44,0,0
23.0268,-12.0733,-14.9666,25,-2.053706,0,0,13.44,0,0
22.5456,-12.9498,-14.9666,25,-2.092167,0,0,13.44,0,0
22.0309,-13.8072,-14.9666,25,-2.130629,0,0,13.44,0,0
21.4837,-14.6441,-14.9666,25,-2.16909,0,0,13.44,0,0
20.9048,-15.4593,-14.9666,25,-2.207552,0,0,13.44,0,0
20.2949,-16.2517,-14.9666,25,-2.246014,0,0,13.44,0,0
19.6549,-17.0201,-14.9666,25,-2.284475,0,0,13.44,0,0
18.9859,-17.7633,-14.9666,25,-2.322937,0,0,13.44,0,0
18.2889,-18.4802,-14.9666,25,-2.361398,0,0,13.44,0,0
17.5647,-19.1698,-14.9666,25,-2.39986,0,0,13.44,0,0
16.8146,-19.831,-14.9666,25,-2.438321,0,0,13.44,0,0
16.0396,-20.4629,-14.9666,25,-2.476783,0,0,13.44,0,0
15.2409,-21.0645,-14.9666,25,-2.515244,0,0,13.44,0,0
14.4197,-21.635,-14.9666,25,-2.553706,0,0,13.44,0,0
13.5771,-22.1734,-14.9666,25,-2.592167,0,0,13.44,0,0
12.7145,-22.6791,-14.9666,25,-2.630629,0,0,13.44,0,0
11.833,-23.1512,-14.9666,25,-2.66909,0,0,13.44,0,0
10.934,-23.5891,-14.9666,25,-2.707552,0,0,13.44,0,0
10.0189,-23.9921,-14.9666,25,-2.746014,0,0,13.44,0,0
9.089,-24.3596,-14.9666,25,-2.784475,0,0,13.44,0,0
8.1456,-24.6911,-14.9666,25,-2.822937,0,0,13.44,0,0
7.1901,-24.986,-14.9666,25,-2.861398,0,0,13.44,0,0
6.224,-25.244,-14.9666,25,-2.89986,0,0,13.44,0,0
5.2487,-25.4647,-14.9666,25,-2.938321,0,0,13.44,0,0
4.2657,-25.6477,-14.9666,25,-2.976783,0,0,13.44,0,0
3.2763,-25.7927,-14.9666,25,-3.015244,0,0,13.44,0,0
2.2821,-25.8997,-14.9666,25,-3.053706,0,0,13.44,0,0
1.2845,-25.9682,-14.9666,25,-3.092167,0,0,13.44,0,0
0.2851,-25.9984,-14.9666,25,-3.130629,0,0,13.44,0,0
-0.7149,-25.9902,-14.9666,25,3.114095,0,0,13.44,0,0
-1.7137,-25.9435,-14.9666,25,3.075633,0,0,13.44,0,0
-2.71,-25.8584,-14.9666,25,3.037172,0,0,13.44,0,0
-3.7023,-25.7351,-14.9666,25,2.99871,0,0,13.44,0,0
-4.6891,-25.5737,-14.9666,25,2.960249,0,0,13.44,0,0
-5.669,-25.3744,-14.9666,25,2.921787,0,0,13.44,0,0
-6.6405,-25.1377,-14.9666,25,2.883326,0,0,13.44,0,0
-7.6022,-24.8638,-14.9666,25,2.844864,0,0,13.44,0,0
-8.5527,-24.553,-14.9666,25,2.806403,0,0,13.44,0,0
-9.4905,-24.206,-14.9666,25,2.767941,0,0,13.44,0,0
-10.4142,-23.8232,-14.9666,25,2.729479,0,0,13.44,0,0
-11.3226,-23.4051,-14.9666,25,2.691018,0,0,13.44,0,0
-12.2142,-22.9524,-14.9666,25,2.652556,0,0,13.44,0,0
-13.0877,-22.4658,-14.9666,25,2.614095,0,0,13.44,0,0
-13.9419,-21.9459,-14.9666,25,2.575633,0,0,13.44,0,0
-14.7754,-21.3936,-14.9666,25,2.537172,0,0,13.44,0,0
-15.5871,-20.8096,-14.9666,25,2.49871,0,0,13.44,0,0
-16.3758,-20.1949,-14.9666,25,2.460249,0,0,13.44,0,0
-17.1402,-19.5503,-14.9666,25,2.421787,0,0,13.44,0,0
-17.8793,-18.8767,-14.9666,25,2.383326,0,0,13.44,0,0
-18.5919,-18.1753,-14.9666,25,2.344864,0,0,13.44,0,0
-19.277,-17.447,-14.9666,25,2.306403,0,0,13.44,0,0
-19.9336,-16.6928,-14.9666,25,2.267941,0,0,13.44,0,0
-20.5608,-15.914,-14.9666,25,2.229479,0,0,13.44,0,0
-21.1575,-15.1116,-14.9666,25,2.191018,0,0,13.44,0,0
-21.7229,-14.2869,-14.9666,25,2.152556,0,0,13.44,0,0
-22.2562,-13.441,-14.9666,25,2.114095,0,0,13.44,0,0
-22.7566,-12.5753,-14.9666,25,2.075633,0,0,13.44,0,0
-23.2233,-11.6909,-14.9666,25,2.037172,0,0,13.44,0,0
-23.6557,-10.7893,-14.9666,25,1.99871,0,0,13.44,0,0
-24.053,-9.8717,-14.9666,25,1.960249,0,0,13.44,0,0
-24.4148,-8.9395,-14.9666,25,1.921787,0,0,13.44,0,0
-24.7405,-7.9941,-14.9666,25,1.883326,0,0,13.44,0,0
-25.0296,-7.0369,-14.9666,25,1.844864,0,0,13.44,0,0
-25.2817,-6.0692,-14.9666,25,1.806403,0,0,13.44,0,0
-25.4964,-5.0926,-14.9666,25,1.767941,0,0,13.44,0,0
-25.6733,-4.1085,-14.9666,25,1.729479,0,0,13.44,0,0
-25.8123,-3.1182,-14.9666,25,1.691018,0,0,13.44,0,0
-25.9131,-2.1234,-14.9666,25,1.652556,0,0,13.44,0,0
-25.9756,-1.1254,-14.9666,25,1.614095,0,0,13.44,0,0
-25.9997,-0.1258,-14.9666,25,1.575633,0,0,13.44,0,0
-25.9853,0.8741,-14.9666,25,1.537172,0,0,13.44,0,0
-25.9325,1.8726,-14.9666,25,1.49871,0,0,13.44,0,0
-25.8413,2.8684,-14.9666,25,1.460249,0,0,13.44,0,0
-25.7119,3.8599,-14.9666,25,1.421787,0,0,13.44,0,0
-25.5444,4.8457,-14.9666,25,1.383326,0,0,13.44,0,0
-25.3392,5.8244,-14.9666,25,1.344864,0,0,13.44,0,0
-25.0965,6.7944,-14.9666,25,1.306403,0,0,13.44,0,0
-24.8167,7.7544,-14.9666,25,1.267941,0,0,13.44,0,0
-24.5002,8.7029,-14.9666,25,1.229479,0,0,13.44,0,0
-24.1474,9.6386,-14.9666,25,1.191018,0,0,13.44,0,0
-23.7589,10.56,-14.9666,25,1.152556,0,0,13.44,0,0
-23.3353,11.4657,-14.9666,25,1.114095,0,0,13.44,0,0
-22.8772,12.3546,-14.9666,25,1.075633,0,0,13.44,0,0
-22.3852,13.2251,-14.9666,25,1.037172,0,0,13.44,0,0
-21.8601,14.0761,-14.9666,25,0.99871,0,0,13.44,0,0
-21.3027,14.9062,-14.9666,25,0.960249,0,0,13.44,0,0
-20.7138,15.7143,-14.9666,25,0.921787,0,0,13.44,0,0
-20.0942,16.4992,-14.9666,25,0.883326,0,0,13.44,0,0
-19.4449,17.2597,-14.9666,25,0.844864,0,0,13.44,0,0
-18.7669,17.9946,-14.9666,25,0.806403,0,0,13.44,0,0
-18.061,18.7029,-14.9666,25,0.767941,0,0,13.44,0,0
-17.3285,19.3836,-14.9666,25,0.729479,0,0,13.44,0,0
-16.5704,20.0355,-14.9666,25,0.691018,0,0,13.44,0,0
-15.7877,20.6579,-14.9666,25,0.652556,0,0,13.44,0,0
-14.9817,21.2497,-14.9666,25,0.614095,0,0,13.44,0,0
-14.1535,21.81,-14.9666,25,0.575633,0,0,13.44,0,0
-13.3044,22.3381,-14.9666,25,0.537172,0,0,13.44,0,0
-12.4356,22.8332,-14.9666,25,0.49871,0,0,13.44,0,0
-11.5484,23.2945,-14.9666,25,0.460249,0,0,13.44,0,0
-10.6442,23.7213,-14.9666,25,0.421787,0,0,13.44,0,0
-9.7242,24.1131,-14.9666,25,0.383326,0,0,13.44,0,0
-8.7898,24.4692,-14.9666,25,0.344864,0,0,13.44,0,0
-7.8424,24.789,-14.9666,25,0.306403,0,0,13.44,0,0
-6.8834,25.0723,-14.9666,25,0.267941,0,0,13.44,0,0
-5.9142,25.3184,-14.9666,25,0.229479,0,0,13.44,0,0
-4.9363,25.5271,-14.9666,25,0.191018,0,0,13.44,0,0
-3.9511,25.698,-14.9666,25,0.152556,0,0,13.44,0,0
-2.96,25.831,-14.9666,25,0.114095,0,0,13.44,0,0
-1.9646,25.9257,-14.9666,25,0.075633,0,0,13.44,0,0
-0.9662,25.982,-14.9666,25,0.037172,0,0,13.44,0,0
0.0335,26,-14.9666,25,-0.00129,0,0,13.44,0,0
1.0333,25.9795,-14.9666,25,-0.039751,0,0,13.44,0,0
2.0315,25.9205,-14.9666,25,-0.078213,0,0,13.44,0,0
3.0267,25.8232,-14.9666,25,-0.116674,0,0,13.44,0,0
4.0174,25.6878,-14.9666,25,-0.155136,0,0,13.44,0,0
5.0022,25.5143,-14.9666,25,-0.193597,0,0,13.44,0,0
5.9795,25.3031,-14.9666,25,-0.232059,0,0,13.44,0,0
6.9481,25.0544,-14.9666,25,-0.270521,0,0,13.44,0,0
7.9063,24.7687,-14.9666,25,-0.308982,0,0,13.44,0,0
8.8529,24.4464,-14.9666,25,-0.347444,0,0,13.44,0,0
9.7863,24.0879,-14.9666,25,-0.385905,0,0,13.44,0,0
10.7053,23.6938,-14.9666,25,-0.424367,0,0,13.44,0,0
11.6085,23.2646,-14.9666,25,-0.462828,0,0,13.44,0,0
12.4945,22.8011,-14.9666,25,-0.50129,0,0,13.44,0,0
13.362,22.3037,-14.9666,25,-0.539751,0,0,13.44,0,0
14.2097,21.7735,-14.9666,25,-0.578213,0,0,13.44,0,0
15.0365,21.211,-14.9666,25,-0.616674,0,0,13.44,0,0
15.8409,20.6171,-14.9666,25,-0.655136,0,0,13.44,0,0
16.622,19.9927,-14.9666,25,-0.693597,0,0,13.44,0,0
17.3785,19.3388,-14.9666,25,-0.732059,0,0,13.44,0,0
18.1092,18.6563,-14.9666,25,-0.770521,0,0,13.44,0,0
18.8132,17.9461,-14.9666,25,-0.808982,0,0,13.44,0,0
19.4894,17.2094,-14.9666,25,-0.847444,0,0,13.44,0,0
20.1367,16.4473,-14.9666,25,-0.885905,0,0,13.44,0,0
20.7542,15.6608,-14.9666,25,-0.924367,0,0,13.44,0,0
21.3411,14.8512,-14.9666,25,-0.962828,0,0,13.44,0,0
21.8963,14.0196,-14.9666,25,-1.00129,0,0,13.44,0,0
22.4192,13.1673,-14.9666,25,-1.039751,0,0,13.44,0,0
22.909,12.2955,-14.9666,25,-1.078213,0,0,13.44,0,0
23.3648,11.4055,-14.9666,25,-1.116674,0,0,13.44,0,0
23.7861,10.4986,-14.9666,25,-1.155136,0,0,13.44,0,0
24.1722,9.5763,-14.9666,25,-1.193597,0,0,13.44,0,0
24.5226,8.6397,-14.9666,25,-1.232059,0,0,13.44,0,0
24.8366,7.6904,-14.9666,25,-1.270521,0,0,13.44,0,0
25.114,6.7297,-14.9666,25,-1.308982,0,0,13.44,0,0
25.3542,5.759,-14.9666,25,-1.347444,0,0,13.44,0,0
25.5569,4.7798,-14.9666,25,-1.385905,0,0,13.44,0,0
25.7218,3.7936,-14.9666,25,-1.424367,0,0,13.44,0,0
25.8486,2.8017,-14.9666,25,-1.462828,0,0,13.44,0,0
25.9372,1.8057,-14.9666,25,-1.50129,0,0,13.44,0,0
25.9875,0.807,-14.9666,25,-1.539751,0,0,13.44,0,0
25.9993,-0.1928,-14.9666,25,-1.578213,0,0,13.44,0,0
25.9726,-1.1924,-14.9666,25,-1.616674,0,0,13.44,0,0
25.9076,-2.1902,-14.9666,25,-1.655136,0,0,13.44,0,0
25.8042,-3.1848,-14.9666,25,-1.693597,0,0,13.44,0,0
25.6627,-4.1747,-14.9666,25,-1.732059,0,0,13.44,0,0
25.4832,-5.1584,-14.9666,25,-1.770521,0,0,13.44,0,0
25.266,-6.1344,-14.9666,25,-1.808982,0,0,13.44,0,0
25.0114,-7.1014,-14.9666,25,-1.847444,0,0,13.44,0,0
24.7198,-8.0579,-14.9666,25,-1.885905,0,0,13.44,0,0
24.3917,-9.0025,-14.9666,25,-1.924367,0,0,13.44,0,0
24.0275,-9.9337,-14.9666,25,-1.962828,0,0,13.44,0,0
23.6278,-10.8503,-14.9666,25,-2.00129,0,0,13.44,0,0
23.1931,-11.7508,-14.9666,25,-2.039751,0,0,13.44,0,0
22.7241,-12.6339,-14.9666,25,-2.078213,0,0,13.44,0,0
22.2215,-13.4984,-14.9666,25,-2.116674,0,0,13.44,0,0
21.686,-14.3429,-14.9666,25,-2.155136,0,0,13.44,0,0
21.1184,-15.1661,-14.9666,25,-2.193597,0,0,13.44,0,0
20.5197,-15.967,-14.9666,25,-2.232059,0,0,13.44,0,0
19.8905,-16.7442,-14.9666,25,-2.270521,0,0,13.44,0,0
19.232,-17.4966,-14.9666,25,-2.308982,0,0,13.44,0,0
18.545,-18.2232,-14.9666,25,-2.347444,0,0,13.44,0,0
17.8305,-18.9228,-14.9666,25,-2.385905,0,0,13.44,0,0
17.0897,-19.5944,-14.9666,25,-2.424367,0,0,13.44,0,0
16.3236,-20.2371,-14.9666,25,-2.462828,0,0,13.44,0,0
15.5334,-20.8498,-14.9666,25,-2.50129,0,0,13.44,0,0
14.7202,-21.4317,-14.9666,25,-2.539751,0,0,13.44,0,0
13.8852,-21.9818,-14.9666,25,-2.578213,0,0,13.44,0,0
13.0297,-22.4995,-14.9666,25,-2.616674,0,0,13.44,0,0
12.1549,-22.9839,-14.9666,25,-2.655136,0,0,13.44,0,0
11.2621,-23.4343,-14.9666,25,-2.693597,0,0,13.44,0,0
10.3527,-23.85,-14.9666,25,-2.732059,0,0,13.44,0,0
9.428,-24.2304,-14.9666,25,-2.770521,0,0,13.44,0,0
8.4893,-24.575,-14.9666,25,-2.808982,0,0,13.44,0,0
7.5381,-24.8833,-14.9666,25,-2.847444,0,0,13.44,0,0
6.5757,-25.1547,-14.9666,25,-2.885905,0,0,13.44,0,0
5.6036,-25.389,-14.9666,25,-2.924367,0,0,13.44,0,0
4.6232,-25.5857,-14.9666,25,-2.962828,0,0,13.44,0,0
3.6359,-25.7445,-14.9666,25,-3.00129,0,0,13.44,0,0
2.6433,-25.8653,-14.9666,25,-3.039751,0,0,13.44,0,0
1.6468,-25.9478,-14.9666,25,-3.078213,0,0,13.44,0,0
0.6478,-25.9919,-14.9666,25,-3.116674,0,0,13.44,0,0
-0.3521,-25.9976,-14.9666,25,3.128049,0,0,13.44,0,0
-1.3515,-25.9648,-14.9666,25,3.089588,0,0,13.44,0,0
-2.3489,-25.8937,-14.9666,25,3.051126,0,0,13.44,0,0
-3.3428,-25.7842,-14.9666,25,3.012665,0,0,13.44,0,0
-4.3318,-25.6366,-14.9666,25,2.974203,0,0,13.44,0,0
-5.3144,-25.4511,-14.9666,25,2.935742,0,0,13.44,0,0
-6.2891,-25.2279,-14.9666,25,2.89728,0,0,13.44,0,0
-7.2545,-24.9674,-14.9666,25,2.858819,0,0,13.44,0,0
-8.2092,-24.67,-14.9666,25,2.820357,0,0,13.44,0,0
-9.1518,-24.3361,-14.9666,25,2.781896,0,0,13.44,0,0
-10.0808,-23.9662,-14.9666,25,2.743434,0,0,13.44,0,0
-10.9949,-23.5608,-14.9666,25,2.704972,0,0,13.44,0,0
-11.8927,-23.1206,-14.9666,25,2.666511,0,0,13.44,0,0
-12.7729,-22.6462,-14.9666,25,2.628049,0,0,13.44,0,0
-13.6343,-22.1383,-14.9666,25,2.589588,0,0,13.44,0,0
-14.4755,-21.5977,-14.9666,25,2.551126,0,0,13.44,0,0
-15.2952,-21.0251,-14.9666,25,2.512665,0,0,13.44,0,0
-16.0924,-20.4214,-14.9666,25,2.474203,0,0,13.44,0,0
-16.8657,-19.7876,-14.9666,25,2.435742,0,0,13.44,0,0
-17.6141,-19.1244,-14.9666,25,2.39728,0,0,13.44,0,0
-18.3365,-18.433,-14.9666,25,2.358819,0,0,13.44,0,0
-19.0317,-17.7142,-14.9666,25,2.320357,0,0,13.44,0,0
-19.6988,-16.9693,-14.9666,25,2.281896,0,0,13.44,0,0
-20.3367,-16.1993,-14.9666,25,2.243434,0,0,13.44,0,0
-20.9446,-15.4054,-14.9666,25,2.204972,0,0,13.44,0,0
-21.5214,-14.5886,-14.9666,25,2.166511,0,0,13.44,0,0
-22.0665,-13.7503,-14.9666,25,2.128049,0,0,13.44,0,0
-22.5789,-12.8916,-14.9666,25,2.089588,0,0,13.44,0,0
-23.0579,-12.0139,-14.9666,25,2.051126,0,0,13.44,0,0
-23.5028,-11.1184,-14.9666,25,2.012665,0,0,13.44,0,0
-23.913,-10.2064,-14.9666,25,1.974203,0,0,13.44,0,0
-24.2877,-9.2794,-14.9666,25,1.935742,0,0,13.44,0,0
-24.6266,-8.3386,-14.9666,25,1.89728,0,0,13.44,0,0
-24.929,-7.3855,-14.9666,25,1.858819,0,0,13.44,0,0
-25.1945,-6.4214,-14.9666,25,1.820357,0,0,13.44,0,0
-25.4228,-5.4479,-14.9666,25,1.781896,0,0,13.44,0,0
-25.6135,-4.4663,-14.9666,25,1.743434,0,0,13.44,0,0
-25.7663,-3.4781,-14.9666,25,1.704972,0,0,13.44,0,0
-25.881,-2.4848,-14.9666,25,1.666511,0,0,13.44,0,0
-25.9574,-1.4878,-14.9666,25,1.628049,0,0,13.44,0,0
-25.9954,-0.4886,-14.9666,25,1.589588,0,0,13.44,0,0
-25.995,0.5114,-14.9666,25,1.551126,0,0,13.44,0,0
-25.9561,1.5106,-14.9666,25,1.512665,0,0,13.44,0,0
-25.8788,2.5075,-14.9666,25,1.474203,0,0,13.44,0,0
-25.7632,3.5008,-14.9666,25,1.435742,0,0,13.44,0,0
-25.6096,4.4888,-14.9666,25,1.39728,0,0,13.44,0,0
-25.418,5.4702,-14.9666,25,1.358819,0,0,13.44,0,0
-25.1889,6.4436,-14.9666,25,1.320357,0,0,13.44,0,0
-24.9225,7.4074,-14.9666,25,1.281896,0,0,13.44,0,0
-24.6192,8.3602,-14.9666,25,1.243434,0,0,13.44,0,0
-24.2796,9.3007,-14.9666,25,1.204972,0,0,13.44,0,0
-23.904,10.2274,-14.9666,25,1.166511,0,0,13.44,0,0
-23.493,11.139,-14.9666,25,1.128049,0,0,13.44,0,0
-23.0473,12.0341,-14.9666,25,1.089588,0,0,13.44,0,0
-22.5676,12.9114,-14.9666,25,1.051126,0,0,13.44,0,0
-22.0544,13.7697,-14.9666,25,1.012665,0,0,13.44,0,0
-21.5086,14.6075,-14.9666,25,0.974203,0,0,13.44,0,0
-20.931,15.4238,-14.9666,25,0.935742,0,0,13.44,0,0
-20.3225,16.2172,-14.9666,25,0.89728,0,0,13.44,0,0
-19.6839,16.9866,-14.9666,25,0.858819,0,0,13.44,0,0
-19.0161,17.731,-14.9666,25,0.820357,0,0,13.44,0,0
-18.3203,18.4491,-14.9666,25,0.781896,0,0,13.44,0,0
-17.5973,19.1399,-14.9666,25,0.743434,0,0,13.44,0,0
-16.8483,19.8024,-14.9666,25,0.704972,0,0,13.44,0,0
-16.0744,20.4356,-14.9666,25,0.666511,0,0,13.44,0,0
-15.2768,21.0386,-14.9666,25,0.628049,0,0,13.44,0,0
-14.4565,21.6104,-14.9666,25,0.589588,0,0,13.44,0,0
-13.6148,22.1503,-14.9666,25,0.551126,0,0,13.44,0,0
-12.753,22.6575,-14.9666,25,0.512665,0,0,13.44,0,0
-11.8724,23.1311,-14.9666,25,0.474203,0,0,13.44,0,0
-10.9742,23.5705,-14.9666,25,0.435742,0,0,13.44,0,0
-10.0597,23.975,-14.9666,25,0.39728,0,0,13.44,0,0
-9.1304,24.3441,-14.9666,25,0.358819,0,0,13.44,0,0
-8.1875,24.6772,-14.9666,25,0.320357,0,0,13.44,0,0
-7.2326,24.9738,-14.9666,25,0.281896,0,0,13.44,0,0
-6.267,25.2334,-14.9666,25,0.243434,0,0,13.44,0,0
-5.292,25.4557,-14.9666,25,0.204972,0,0,13.44,0,0
-4.3093,25.6404,-14.9666,25,0.166511,0,0,13.44,0,0
-3.3202,25.7871,-14.9666,25,0.128049,0,0,13.44,0,0
-2.3262,25.8957,-14.9666,25,0.089588,0,0,13.44,0,0
-1.3287,25.966,-14.9666,25,0.051126,0,0,13.44,0,0
-0.3293,25.9979,-14.9666,25,0.012665,0,0,13.44,0,0
0.6706,25.9913,-14.9666,25,-0.025797,0,0,13.44,0,0
1.6696,25.9463,-14.9666,25,-0.064258,0,0,13.44,0,0
2.666,25.863,-14.9666,25,-0.10272,0,0,13.44,0,0
3.6585,25.7413,-14.9666,25,-0.141181,0,0,13.44,0,0
4.6456,25.5816,-14.9666,25,-0.179643,0,0,13.44,0,0
5.6259,25.384,-14.9666,25,-0.218104,0,0,13.44,0,0
6.5978,25.1489,-14.9666,25,-0.256566,0,0,13.44,0,0
7.5599,24.8766,-14.9666,25,-0.295028,0,0,13.44,0,0
8.5109,24.5676,-14.9666,25,-0.333489,0,0,13.44,0,0
9.4493,24.2221,-14.9666,25,-0.371951,0,0,13.44,0,0
10.3737,23.8409,-14.9666,25,-0.410412,0,0,13.44,0,0
11.2827,23.4243,-14.9666,25,-0.448874,0,0,13.44,0,0
12.1751,22.9732,-14.9666,25,-0.487335,0,0,13.44,0,0
13.0495,22.488,-14.9666,25,-0.525797,0,0,13.44,0,0
13.9045,21.9696,-14.9666,25,-0.564258,0,0,13.44,0,0
14.739,21.4187,-14.9666,25,-0.60272,0,0,13.44,0,0
15.5517,20.8361,-14.9666,25,-0.641181,0,0,13.44,0,0
16.3414,20.2227,-14.9666,25,-0.679643,0,0,13.44,0,0
17.1069,19.5794,-14.9666,25,-0.718104,0,0,13.44,0,0
17.8471,18.9071,-14.9666,25,-0.756566,0,0,13.44,0,0
18.561,18.2069,-14.9666,25,-0.795028,0,0,13.44,0,0
19.2473,17.4797,-14.9666,25,-0.833489,0,0,13.44,0,0
19.9052,16.7267,-14.9666,25,-0.871951,0,0,13.44,0,0
20.5337,15.9489,-14.9666,25,-0.910412,0,0,13.44,0,0
21.1318,15.1476,-14.9666,25,-0.948874,0,0,13.44,0,0
21.6986,14.3238,-14.9666,25,-0.987335,0,0,13.44,0,0
22.2333,13.4789,-14.9666,25,-1.025797,0,0,13.44,0,0
22.7352,12.614,-14.9666,25,-1.064258,0,0,13.44,0,0
23.2034,11.7304,-14.9666,25,-1.10272,0,0,13.44,0,0
23.6373,10.8295,-14.9666,25,-1.141181,0,0,13.44,0,0
24.0362,9.9126,-14.9666,25,-1.179643,0,0,13.44,0,0
24.3996,8.9811,-14.9666,25,-1.218104,0,0,13.44,0,0
24.7269,8.0362,-14.9666,25,-1.256566,0,0,13.44,0,0
25.0176,7.0795,-14.9666,25,-1.295028,0,0,13.44,0,0
25.2713,6.1122,-14.9666,25,-1.333489,0,0,13.44,0,0
25.4877,5.136,-14.9666,25,-1.371951,0,0,13.44,0,0
25.6663,4.1521,-14.9666,25,-1.410412,0,0,13.44,0,0
25.807,3.1621,-14.9666,25,-1.448874,0,0,13.44,0,0
25.9095,2.1675,-14.9666,25,-1.487335,0,0,13.44,0,0
25.9737,1.1696,-14.9666,25,-1.525797,0,0,13.44,0,0
25.9994,0.17,-14.9666,25,-1.564258,0,0,13.44,0,0
25.9868,-0.8299,-14.9666,25,-1.60272,0,0,13.44,0,0
25.9356,-1.8285,-14.9666,25,-1.641181,0,0,13.44,0,0
25.8461,-2.8244,-14.9666,25,-1.679643,0,0,13.44,0,0
25.7184,-3.8162,-14.9666,25,-1.718104,0,0,13.44,0,0
25.5527,-4.8023,-14.9666,25,-1.756566,0,0,13.44,0,0
25.3491,-5.7813,-14.9666,25,-1.795028,0,0,13.44,0,0
25.108,-6.7517,-14.9666,25,-1.833489,0,0,13.44,0,0
24.8299,-7.7122,-14.9666,25,-1.871951,0,0,13.44,0,0
24.515,-8.6612,-14.9666,25,-1.910412,0,0,13.44,0,0
24.1638,-9.5975,-14.9666,25,-1.948874,0,0,13.44,0,0
23.7769,-10.5195,-14.9666,25,-1.987335,0,0,13.44,0,0
23.3548,-11.426,-14.9666,25,-2.025797,0,0,13.44,0,0
22.8982,-12.3156,-14.9666,25,-2.064258,0,0,13.44,0,0
22.4077,-13.187,-14.9666,25,-2.10272,0,0,13.44,0,0
21.884,-14.0389,-14.9666,25,-2.141181,0,0,13.44,0,0
21.328,-14.87,-14.9666,25,-2.179643,0,0,13.44,0,0
20.7405,-15.6791,-14.9666,25,-2.218104,0,0,13.44,0,0
20.1222,-16.465,-14.9666,25,-2.256566,0,0,13.44,0,0
19.4742,-17.2266,-14.9666,25,-2.295028,0,0,13.44,0,0
18.7974,-17.9626,-14.9666,25,-2.333489,0,0,13.44,0,0
18.0928,-18.6722,-14.9666,25,-2.371951,0,0,13.44,0,0
17.3615,-19.3541,-14.9666,25,-2.410412,0,0,13.44,0,0
16.6044,-20.0073,-14.9666,25,-2.448874,0,0,13.44,0,0
15.8228,-20.631,-14.9666,25,-2.487335,0,0,13.44,0,0
15.0178,-21.2242,-14.9666,25,-2.525797,0,0,13.44,0,0
14.1906,-21.7859,-14.9666,25,-2.564258,0,0,13.44,0,0
13.3424,-22.3155,-14.9666,25,-2.60272,0,0,13.44,0,0
12.4744,-22.812,-14.9666,25,-2.641181,0,0,13.44,0,0
11.5881,-23.2748,-14.9666,25,-2.679643,0,0,13.44,0,0
10.6845,-23.7032,-14.9666,25,-2.718104,0,0,13.44,0,0
9.7652,-24.0965,-14.9666,25,-2.756566,0,0,13.44,0,0
8.8314,-24.4542,-14.9666,25,-2.795028,0,0,13.44,0,0
7.8846,-24.7757,-14.9666,25,-2.833489,0,0,13.44,0,0
6.926,-25.0605,-14.9666,25,-2.871951,0,0,13.44,0,0
5.9573,-25.3083,-14.9666,25,-2.910412,0,0,13.44,0,0
4.9797,-25.5187,-14.9666,25,-2.948874,0,0,13.44,0,0
3.9948,-25.6913,-14.9666,25,-2.987335,0,0,13.44,0,0
3.004,-25.8259,-14.9666,25,-3.025797,0,0,13.44,0,0
2.0087,-25.9223,-14.9666,25,-3.064258,0,0,13.44,0,0
1.0104,-25.9804,-14.9666,25,-3.10272,0,0,13.44,0,0
0.0107,-26,-14.9666,25,-3.141181,0,0,13.44,0,0
-0.9891,-25.9812,-14.9666,25,3.103542,0,0,13.44,0,0
-1.9874,-25.9239,-14.9666,25,3.065081,0,0,13.44,0,0
-2.9827,-25.8283,-14.9666,25,3.026619,0,0,13.44,0,0
-3.9737,-25.6946,-14.9666,25,2.988158,0,0,13.44,0,0
-4.9587,-25.5228,-14.9666,25,2.949696,0,0,13.44,0,0
-5.9365,-25.3132,-14.9666,25,2.911235,0,0,13.44,0,0
-6.9054,-25.0662,-14.9666,25,2.872773,0,0,13.44,0,0
-7.8642,-24.7821,-14.9666,25,2.834312,0,0,13.44,0,0
-8.8113,-24.4614,-14.9666,25,2.79585,0,0,13.44,0,0
-9.7454,-24.1045,-14.9666,25,2.757389,0,0,13.44,0,0
-10.665,-23.712,-14.9666,25,2.718927,0,0,13.44,0,0
-11.5689,-23.2843,-14.9666,25,2.680465,0,0,13.44,0,0
-12.4557,-22.8223,-14.9666,25,2.642004,0,0,13.44,0,0
-13.324,-22.3264,-14.9666,25,2.603542,0,0,13.44,0,0
-14.1727,-21.7976,-14.9666,25,2.565081,0,0,13.44,0,0
-15.0004,-21.2365,-14.9666,25,2.526619,0,0,13.44,0,0
-15.8058,-20.644,-14.9666,25,2.488158,0,0,13.44,0,0
-16.588,-20.021,-14.9666,25,2.449696,0,0,13.44,0,0
-17.3455,-19.3683,-14.9666,25,2.411235,0,0,13.44,0,0
-18.0775,-18.687,-14.9666,25,2.372773,0,0,13.44,0,0
-18.7827,-17.9781,-14.9666,25,2.334312,0,0,13.44,0,0
-19.4601,-17.2426,-14.9666,25,2.29585,0,0,13.44,0,0
-20.1087,-16.4815,-14.9666,25,2.257389,0,0,13.44,0,0
-20.7276,-15.6961,-14.9666,25,2.218927,0,0,13.44,0,0
-21.3158,-14.8875,-14.9666,25,2.180465,0,0,13.44,0,0
-21.8725,-14.0569,-14.9666,25,2.142004,0,0,13.44,0,0
-22.3968,-13.2054,-14.9666,25,2.103542,0,0,13.44,0,0
-22.888,-12.3344,-14.9666,25,2.065081,0,0,13.44,0,0
-23.3454,-11.4452,-14.9666,25,2.026619,0,0,13.44,0,0
-23.7682,-10.5391,-14.9666,25,1.988158,0,0,13.44,0,0
-24.1559,-9.6174,-14.9666,25,1.949696,0,0,13.44,0,0
-24.5078,-8.6814,-14.9666,25,1.911235,0,0,13.44,0,0
-24.8235,-7.7326,-14.9666,25,1.872773,0,0,13.44,0,0
-25.1025,-6.7724,-14.9666,25,1.834312,0,0,13.44,0,0
-25.3443,-5.8021,-14.9666,25,1.79585,0,0,13.44,0,0
-25.5487,-4.8233,-14.9666,25,1.757389,0,0,13.44,0,0
-25.7153,-3.8373,-14.9666,25,1.718927,0,0,13.44,0,0
-25.8438,-2.8457,-14.9666,25,1.680465,0,0,13.44,0,0
-25.9341,-1.8498,-14.9666,25,1.642004,0,0,13.44,0,0
-25.9861,-0.8512,-14.9666,25,1.603542,0,0,13.44,0,0
-25.9996,0.1486,-14.9666,25,1.565081,0,0,13.44,0,0
-25.9746,1.1482,-14.9666,25,1.526619,0,0,13.44,0,0
-25.9113,2.1462,-14.9666,25,1.488158,0,0,13.44,0,0
-25.8096,3.1409,-14.9666,25,1.449696,0,0,13.69,0,0
-25.6697,4.131,-14.9666,25,1.430465,0,0,13.96,0,0
